1,"",,0,fmendez,"","",0,1,2022-11-07 20:28:40.420011,""
2,"",,0,ctran,"","",0,1,2022-11-07 20:28:40.458010,""
3,"",,0,sgarcia,"","",0,1,2022-11-07 20:28:40.490009,""
4,"",,0,darius32,"","",0,1,2022-11-07 20:28:40.524084,""
5,"",,0,mitchell91,"","",0,1,2022-11-07 20:28:40.556081,""
6,"",,0,glennjames,"","",0,1,2022-11-07 20:28:40.589083,""
7,"",,0,ericlewis,"","",0,1,2022-11-07 20:28:40.626989,""
8,"",,0,marycooper,"","",0,1,2022-11-07 20:28:40.660094,""
9,"",,0,amanda03,"","",0,1,2022-11-07 20:28:40.692086,""
10,"",,0,psmith,"","",0,1,2022-11-07 20:28:40.730054,""
11,"",,0,gfox,"","",0,1,2022-11-07 20:28:40.773086,""
12,"",,0,caindavid,"","",0,1,2022-11-07 20:28:40.804079,""
13,"",,0,margaret38,"","",0,1,2022-11-07 20:28:40.837073,""
14,"",,0,wlozano,"","",0,1,2022-11-07 20:28:40.869090,""
15,"",,0,elizabeth62,"","",0,1,2022-11-07 20:28:40.901072,""
16,"",,0,bensonmark,"","",0,1,2022-11-07 20:28:40.933201,""
17,"",,0,kevinblack,"","",0,1,2022-11-07 20:28:40.967200,""
18,"",,0,joseph00,"","",0,1,2022-11-07 20:28:41.000199,""
19,"",,0,danielgonzalez,"","",0,1,2022-11-07 20:28:41.032290,""
20,"",,0,xeverett,"","",0,1,2022-11-07 20:28:41.067200,""
21,"",,0,imatthews,"","",0,1,2022-11-07 20:28:41.099298,""
22,"",,0,bradleyerin,"","",0,1,2022-11-07 20:28:41.131289,""
23,"",,0,brownkaren,"","",0,1,2022-11-07 20:28:41.165204,""
24,"",,0,rogerskatherine,"","",0,1,2022-11-07 20:28:41.196301,""
25,"",,0,joshua78,"","",0,1,2022-11-07 20:28:41.239637,""
26,"",,0,paul99,"","",0,1,2022-11-07 20:28:41.275848,""
27,"",,0,james64,"","",0,1,2022-11-07 20:28:41.309490,""
28,"",,0,guy08,"","",0,1,2022-11-07 20:28:41.342488,""
29,"",,0,seanfischer,"","",0,1,2022-11-07 20:28:41.376489,""
30,"",,0,juliabailey,"","",0,1,2022-11-07 20:28:41.410481,""
31,"",,0,batesmichael,"","",0,1,2022-11-07 20:28:41.446540,""
32,"",,0,timothywarren,"","",0,1,2022-11-07 20:28:41.480446,""
33,"",,0,ajoyce,"","",0,1,2022-11-07 20:28:41.512446,""
34,"",,0,william04,"","",0,1,2022-11-07 20:28:41.543809,""
35,"",,0,danielmartinez,"","",0,1,2022-11-07 20:28:41.576816,""
36,"",,0,jsanders,"","",0,1,2022-11-07 20:28:41.610806,""
37,"",,0,johncole,"","",0,1,2022-11-07 20:28:41.642914,""
38,"",,0,greeneamber,"","",0,1,2022-11-07 20:28:41.676821,""
39,"",,0,leesteven,"","",0,1,2022-11-07 20:28:41.707304,""
40,"",,0,rhondamejia,"","",0,1,2022-11-07 20:28:41.744873,""
41,"",,0,evan91,"","",0,1,2022-11-07 20:28:41.777783,""
42,"",,0,derek84,"","",0,1,2022-11-07 20:28:41.809243,""
43,"",,0,christybailey,"","",0,1,2022-11-07 20:28:41.841735,""
44,"",,0,thomascain,"","",0,1,2022-11-07 20:28:41.873569,""
45,"",,0,omartin,"","",0,1,2022-11-07 20:28:41.907217,""
46,"",,0,snydercharles,"","",0,1,2022-11-07 20:28:41.939214,""
47,"",,0,ashley80,"","",0,1,2022-11-07 20:28:41.974215,""
48,"",,0,wdillon,"","",0,1,2022-11-07 20:28:42.012236,""
49,"",,0,guzmanseth,"","",0,1,2022-11-07 20:28:42.044215,""
50,"",,0,mario97,"","",0,1,2022-11-07 20:28:42.076218,""
51,"",,0,rodgerskristina,"","",0,1,2022-11-07 20:28:42.114203,""
52,"",,0,jeremysandoval,"","",0,1,2022-11-07 20:28:42.146433,""
53,"",,0,simpsonmarcus,"","",0,1,2022-11-07 20:28:42.178531,""
54,"",,0,caseyshaw,"","",0,1,2022-11-07 20:28:42.209522,""
55,"",,0,justincooley,"","",0,1,2022-11-07 20:28:42.244531,""
56,"",,0,zmoore,"","",0,1,2022-11-07 20:28:42.276530,""
57,"",,0,galvanjeffrey,"","",0,1,2022-11-07 20:28:42.309558,""
58,"",,0,jnunez,"","",0,1,2022-11-07 20:28:42.344434,""
59,"",,0,evan49,"","",0,1,2022-11-07 20:28:42.376203,""
60,"",,0,jason28,"","",0,1,2022-11-07 20:28:42.408033,""
61,"",,0,epierce,"","",0,1,2022-11-07 20:28:42.440950,""
62,"",,0,michaelthornton,"","",0,1,2022-11-07 20:28:42.474820,""
63,"",,0,morrisonamy,"","",0,1,2022-11-07 20:28:42.505789,""
64,"",,0,ryan84,"","",0,1,2022-11-07 20:28:42.540790,""
65,"",,0,laurenhamilton,"","",0,1,2022-11-07 20:28:42.571789,""
66,"",,0,roselisa,"","",0,1,2022-11-07 20:28:42.603790,""
67,"",,0,zhobbs,"","",0,1,2022-11-07 20:28:42.635693,""
68,"",,0,stephanie68,"","",0,1,2022-11-07 20:28:42.667780,""
69,"",,0,bgonzalez,"","",0,1,2022-11-07 20:28:42.702692,""
70,"",,0,travisallen,"","",0,1,2022-11-07 20:28:42.735227,""
71,"",,0,rebecca74,"","",0,1,2022-11-07 20:28:42.770224,""
72,"",,0,andrea16,"","",0,1,2022-11-07 20:28:42.805441,""
73,"",,0,zwilkerson,"","",0,1,2022-11-07 20:28:42.838335,""
74,"",,0,erinscott,"","",0,1,2022-11-07 20:28:42.871442,""
75,"",,0,rreed,"","",0,1,2022-11-07 20:28:42.905925,""
76,"",,0,michael93,"","",0,1,2022-11-07 20:28:42.943965,""
77,"",,0,brendan12,"","",0,1,2022-11-07 20:28:42.976872,""
78,"",,0,jeremyjohnson,"","",0,1,2022-11-07 20:28:43.008353,""
79,"",,0,kingscott,"","",0,1,2022-11-07 20:28:43.040354,""
80,"",,0,paulritter,"","",0,1,2022-11-07 20:28:43.071359,""
81,"",,0,smiranda,"","",0,1,2022-11-07 20:28:43.106270,""
82,"",,0,savagehelen,"","",0,1,2022-11-07 20:28:43.139506,""
83,"",,0,greenalejandro,"","",0,1,2022-11-07 20:28:43.171898,""
84,"",,0,shane44,"","",0,1,2022-11-07 20:28:43.204897,""
85,"",,0,lewisjustin,"","",0,1,2022-11-07 20:28:43.236898,""
86,"",,0,steven37,"","",0,1,2022-11-07 20:28:43.268997,""
87,"",,0,sandrayoung,"","",0,1,2022-11-07 20:28:43.302897,""
88,"",,0,nrivera,"","",0,1,2022-11-07 20:28:43.335999,""
89,"",,0,ismith,"","",0,1,2022-11-07 20:28:43.368894,""
90,"",,0,reesesteven,"","",0,1,2022-11-07 20:28:43.401991,""
91,"",,0,rodriguezpaul,"","",0,1,2022-11-07 20:28:43.434781,""
92,"",,0,kimberly24,"","",0,1,2022-11-07 20:28:43.469782,""
93,"",,0,ubenitez,"","",0,1,2022-11-07 20:28:43.504785,""
94,"",,0,cpugh,"","",0,1,2022-11-07 20:28:43.536263,""
95,"",,0,jennifer38,"","",0,1,2022-11-07 20:28:43.568256,""
96,"",,0,nicole38,"","",0,1,2022-11-07 20:28:43.602168,""
97,"",,0,kenneth37,"","",0,1,2022-11-07 20:28:43.635463,""
98,"",,0,summersanna,"","",0,1,2022-11-07 20:28:43.668370,""
99,"",,0,zwilliams,"","",0,1,2022-11-07 20:28:43.699311,""
100,"",,0,justin08,"","",0,1,2022-11-07 20:28:43.730392,""
101,"",,0,katherinemcpherson,"","",0,1,2022-11-07 20:28:43.764297,""
102,"",,0,angelgreen,"","",0,1,2022-11-07 20:28:43.795391,""
103,"",,0,leah40,"","",0,1,2022-11-07 20:28:43.828407,""
104,"",,0,nataliemiller,"","",0,1,2022-11-07 20:28:43.861393,""
105,"",,0,hannahfowler,"","",0,1,2022-11-07 20:28:43.892391,""
106,"",,0,avilacheryl,"","",0,1,2022-11-07 20:28:43.924463,""
107,"",,0,ibarranicholas,"","",0,1,2022-11-07 20:28:43.955377,""
108,"",,0,kellyclark,"","",0,1,2022-11-07 20:28:43.989387,""
109,"",,0,kristaarellano,"","",0,1,2022-11-07 20:28:44.022392,""
110,"",,0,gfuentes,"","",0,1,2022-11-07 20:28:44.055295,""
111,"",,0,michaelsmith,"","",0,1,2022-11-07 20:28:44.088297,""
112,"",,0,christina32,"","",0,1,2022-11-07 20:28:44.123296,""
113,"",,0,amypatel,"","",0,1,2022-11-07 20:28:44.155832,""
114,"",,0,franklarry,"","",0,1,2022-11-07 20:28:44.187976,""
115,"",,0,johnsonharold,"","",0,1,2022-11-07 20:28:44.220501,""
116,"",,0,justinjensen,"","",0,1,2022-11-07 20:28:44.253411,""
117,"",,0,williskelly,"","",0,1,2022-11-07 20:28:44.285503,""
118,"",,0,rochoa,"","",0,1,2022-11-07 20:28:44.318413,""
119,"",,0,nchristensen,"","",0,1,2022-11-07 20:28:44.350509,""
120,"",,0,tracyguzman,"","",0,1,2022-11-07 20:28:44.385410,""
121,"",,0,victoria19,"","",0,1,2022-11-07 20:28:44.418545,""
122,"",,0,bryanrivera,"","",0,1,2022-11-07 20:28:44.453449,""
123,"",,0,ellisanthony,"","",0,1,2022-11-07 20:28:44.485799,""
124,"",,0,mcmillanmeredith,"","",0,1,2022-11-07 20:28:44.518791,""
125,"",,0,deborahhorn,"","",0,1,2022-11-07 20:28:44.552686,""
126,"",,0,wchavez,"","",0,1,2022-11-07 20:28:44.586115,""
127,"",,0,olivia17,"","",0,1,2022-11-07 20:28:44.619823,""
128,"",,0,sanfordcaleb,"","",0,1,2022-11-07 20:28:44.651820,""
129,"",,0,ringram,"","",0,1,2022-11-07 20:28:44.683831,""
130,"",,0,jessicadixon,"","",0,1,2022-11-07 20:28:44.715736,""
131,"",,0,paynematthew,"","",0,1,2022-11-07 20:28:44.747824,""
132,"",,0,sandersryan,"","",0,1,2022-11-07 20:28:44.780730,""
133,"",,0,muellersusan,"","",0,1,2022-11-07 20:28:44.814137,""
134,"",,0,djones,"","",0,1,2022-11-07 20:28:44.849220,""
135,"",,0,karensanchez,"","",0,1,2022-11-07 20:28:44.880239,""
136,"",,0,timothyanderson,"","",0,1,2022-11-07 20:28:44.914223,""
137,"",,0,charles41,"","",0,1,2022-11-07 20:28:44.947404,""
138,"",,0,mary54,"","",0,1,2022-11-07 20:28:44.981416,""
139,"",,0,fosterdylan,"","",0,1,2022-11-07 20:28:45.015154,""
140,"",,0,sherri79,"","",0,1,2022-11-07 20:28:45.047236,""
141,"",,0,pottskristina,"","",0,1,2022-11-07 20:28:45.081154,""
142,"",,0,marioaguirre,"","",0,1,2022-11-07 20:28:45.113325,""
143,"",,0,ethanreed,"","",0,1,2022-11-07 20:28:45.148326,""
144,"",,0,boonedebra,"","",0,1,2022-11-07 20:28:45.185235,""
145,"",,0,charleskelly,"","",0,1,2022-11-07 20:28:45.229251,""
146,"",,0,hschneider,"","",0,1,2022-11-07 20:28:45.267858,""
147,"",,0,kroy,"","",0,1,2022-11-07 20:28:45.299872,""
148,"",,0,steven91,"","",0,1,2022-11-07 20:28:45.330859,""
149,"",,0,greenbrandon,"","",0,1,2022-11-07 20:28:45.365777,""
150,"",,0,david97,"","",0,1,2022-11-07 20:28:45.397868,""
151,"",,0,scott48,"","",0,1,2022-11-07 20:28:45.430773,""
152,"",,0,warrendonna,"","",0,1,2022-11-07 20:28:45.463770,""
153,"",,0,pjimenez,"","",0,1,2022-11-07 20:28:45.495770,""
154,"",,0,rmartinez,"","",0,1,2022-11-07 20:28:45.530775,""
155,"",,0,kaitlynneal,"","",0,1,2022-11-07 20:28:45.566776,""
156,"",,0,william73,"","",0,1,2022-11-07 20:28:45.602775,""
157,"",,0,fbutler,"","",0,1,2022-11-07 20:28:45.636774,""
158,"",,0,kelli50,"","",0,1,2022-11-07 20:28:45.672296,""
159,"",,0,cbradley,"","",0,1,2022-11-07 20:28:45.707724,""
160,"",,0,thomaschristopher,"","",0,1,2022-11-07 20:28:45.743707,""
161,"",,0,gmorris,"","",0,1,2022-11-07 20:28:45.778618,""
162,"",,0,resparza,"","",0,1,2022-11-07 20:28:45.814722,""
163,"",,0,amysmith,"","",0,1,2022-11-07 20:28:45.852723,""
164,"",,0,armstrongbenjamin,"","",0,1,2022-11-07 20:28:45.886247,""
165,"",,0,tamarafoley,"","",0,1,2022-11-07 20:28:45.921534,""
166,"",,0,tjimenez,"","",0,1,2022-11-07 20:28:45.952638,""
167,"",,0,kenneth64,"","",0,1,2022-11-07 20:28:45.985535,""
168,"",,0,ruizmegan,"","",0,1,2022-11-07 20:28:46.019645,""
169,"",,0,tamarafoster,"","",0,1,2022-11-07 20:28:46.052615,""
170,"",,0,parkermatthew,"","",0,1,2022-11-07 20:28:46.085533,""
171,"",,0,jamieyoung,"","",0,1,2022-11-07 20:28:46.118294,""
172,"",,0,bullockchristopher,"","",0,1,2022-11-07 20:28:46.151303,""
173,"",,0,rbrown,"","",0,1,2022-11-07 20:28:46.186205,""
174,"",,0,laura44,"","",0,1,2022-11-07 20:28:46.219205,""
175,"",,0,shanson,"","",0,1,2022-11-07 20:28:46.252745,""
176,"",,0,weisscharles,"","",0,1,2022-11-07 20:28:46.286663,""
177,"",,0,mccannmary,"","",0,1,2022-11-07 20:28:46.318658,""
178,"",,0,sabrinalindsey,"","",0,1,2022-11-07 20:28:46.350663,""
179,"",,0,basskimberly,"","",0,1,2022-11-07 20:28:46.386764,""
180,"",,0,goodwinpaul,"","",0,1,2022-11-07 20:28:46.418662,""
181,"",,0,christinebrown,"","",0,1,2022-11-07 20:28:46.461353,""
182,"",,0,dennissharon,"","",0,1,2022-11-07 20:28:46.494350,""
183,"",,0,christianrodriguez,"","",0,1,2022-11-07 20:28:46.528261,""
184,"",,0,manderson,"","",0,1,2022-11-07 20:28:46.561286,""
185,"",,0,mary13,"","",0,1,2022-11-07 20:28:46.592778,""
186,"",,0,karenhall,"","",0,1,2022-11-07 20:28:46.624872,""
187,"",,0,kyle55,"","",0,1,2022-11-07 20:28:46.656870,""
188,"",,0,thompsonheidi,"","",0,1,2022-11-07 20:28:46.689790,""
189,"",,0,sandra79,"","",0,1,2022-11-07 20:28:46.721434,""
190,"",,0,brogers,"","",0,1,2022-11-07 20:28:46.756534,""
191,"",,0,dustin84,"","",0,1,2022-11-07 20:28:46.790067,""
192,"",,0,glennedwards,"","",0,1,2022-11-07 20:28:46.823938,""
193,"",,0,larry97,"","",0,1,2022-11-07 20:28:46.855841,""
194,"",,0,zwells,"","",0,1,2022-11-07 20:28:46.889883,""
195,"",,0,wrightnatasha,"","",0,1,2022-11-07 20:28:46.920980,""
196,"",,0,stephengraham,"","",0,1,2022-11-07 20:28:46.954887,""
197,"",,0,thomasbrown,"","",0,1,2022-11-07 20:28:46.986677,""
198,"",,0,matthew33,"","",0,1,2022-11-07 20:28:47.020677,""
199,"",,0,alyssa16,"","",0,1,2022-11-07 20:28:47.052783,""
200,"",,0,diana41,"","",0,1,2022-11-07 20:28:47.084775,""
201,"",,0,stevetorres,"","",0,1,2022-11-07 20:28:47.116678,""
202,"",,0,caleb66,"","",0,1,2022-11-07 20:28:47.150768,""
203,"",,0,jason47,"","",0,1,2022-11-07 20:28:47.188007,""
204,"",,0,whill,"","",0,1,2022-11-07 20:28:47.223923,""
205,"",,0,stephengarza,"","",0,1,2022-11-07 20:28:47.260924,""
206,"",,0,moorealexander,"","",0,1,2022-11-07 20:28:47.292409,""
207,"",,0,hmartinez,"","",0,1,2022-11-07 20:28:47.324320,""
208,"",,0,smithanthony,"","",0,1,2022-11-07 20:28:47.358317,""
209,"",,0,chelseakirk,"","",0,1,2022-11-07 20:28:47.391090,""
210,"",,0,zsmith,"","",0,1,2022-11-07 20:28:47.426087,""
211,"",,0,melissahancock,"","",0,1,2022-11-07 20:28:47.459642,""
212,"",,0,javier85,"","",0,1,2022-11-07 20:28:47.492760,""
213,"",,0,robinpowell,"","",0,1,2022-11-07 20:28:47.523641,""
214,"",,0,ldiaz,"","",0,1,2022-11-07 20:28:47.561642,""
215,"",,0,qjordan,"","",0,1,2022-11-07 20:28:47.598668,""
216,"",,0,charles46,"","",0,1,2022-11-07 20:28:47.629643,""
217,"",,0,fmiller,"","",0,1,2022-11-07 20:28:47.662646,""
218,"",,0,vsmith,"","",0,1,2022-11-07 20:28:47.698643,""
219,"",,0,mlogan,"","",0,1,2022-11-07 20:28:47.732555,""
220,"",,0,yriley,"","",0,1,2022-11-07 20:28:47.767554,""
221,"",,0,grobinson,"","",0,1,2022-11-07 20:28:47.800274,""
222,"",,0,michael19,"","",0,1,2022-11-07 20:28:47.834950,""
223,"",,0,lisa15,"","",0,1,2022-11-07 20:28:47.868026,""
224,"",,0,holmestyler,"","",0,1,2022-11-07 20:28:47.903947,""
225,"",,0,gevans,"","",0,1,2022-11-07 20:28:47.939964,""
226,"",,0,peter19,"","",0,1,2022-11-07 20:28:47.973302,""
227,"",,0,jasonmanning,"","",0,1,2022-11-07 20:28:48.005356,""
228,"",,0,smithwilliam,"","",0,1,2022-11-07 20:28:48.039445,""
229,"",,0,qaguilar,"","",0,1,2022-11-07 20:28:48.073351,""
230,"",,0,michaelbond,"","",0,1,2022-11-07 20:28:48.107446,""
231,"",,0,rogernorris,"","",0,1,2022-11-07 20:28:48.139356,""
232,"",,0,walkercindy,"","",0,1,2022-11-07 20:28:48.172440,""
233,"",,0,onelson,"","",0,1,2022-11-07 20:28:48.206350,""
234,"",,0,rileywilliam,"","",0,1,2022-11-07 20:28:48.239351,""
235,"",,0,rbowen,"","",0,1,2022-11-07 20:28:48.272353,""
236,"",,0,jonathan47,"","",0,1,2022-11-07 20:28:48.305356,""
237,"",,0,mitchellthomas,"","",0,1,2022-11-07 20:28:48.338351,""
238,"",,0,ericleonard,"","",0,1,2022-11-07 20:28:48.371355,""
239,"",,0,maycrystal,"","",0,1,2022-11-07 20:28:48.404446,""
240,"",,0,byoung,"","",0,1,2022-11-07 20:28:48.436355,""
241,"",,0,lori09,"","",0,1,2022-11-07 20:28:48.470763,""
242,"",,0,omarshall,"","",0,1,2022-11-07 20:28:48.503758,""
243,"",,0,bcastillo,"","",0,1,2022-11-07 20:28:48.537762,""
244,"",,0,williamlara,"","",0,1,2022-11-07 20:28:48.571149,""
245,"",,0,idavis,"","",0,1,2022-11-07 20:28:48.608400,""
246,"",,0,bennettstacy,"","",0,1,2022-11-07 20:28:48.643422,""
247,"",,0,joneshannah,"","",0,1,2022-11-07 20:28:48.677411,""
248,"",,0,stephen05,"","",0,1,2022-11-07 20:28:48.712319,""
249,"",,0,bethanybell,"","",0,1,2022-11-07 20:28:48.744416,""
250,"",,0,erictaylor,"","",0,1,2022-11-07 20:28:48.777420,""
251,"",,0,hamiltonjohn,"","",0,1,2022-11-07 20:28:48.809411,""
252,"",,0,randall83,"","",0,1,2022-11-07 20:28:48.841411,""
253,"",,0,amyjimenez,"","",0,1,2022-11-07 20:28:48.874505,""
254,"",,0,gwhitehead,"","",0,1,2022-11-07 20:28:48.907412,""
255,"",,0,rosborn,"","",0,1,2022-11-07 20:28:48.944430,""
256,"",,0,charles83,"","",0,1,2022-11-07 20:28:48.976502,""
257,"",,0,mullinslindsay,"","",0,1,2022-11-07 20:28:49.009410,""
258,"",,0,courtney60,"","",0,1,2022-11-07 20:28:49.044432,""
259,"",,0,brett29,"","",0,1,2022-11-07 20:28:49.076431,""
260,"",,0,floresjason,"","",0,1,2022-11-07 20:28:49.108411,""
261,"",,0,osmith,"","",0,1,2022-11-07 20:28:49.140691,""
262,"",,0,mlewis,"","",0,1,2022-11-07 20:28:49.171690,""
263,"",,0,tammyking,"","",0,1,2022-11-07 20:28:49.203681,""
264,"",,0,brownjulie,"","",0,1,2022-11-07 20:28:49.236679,""
265,"",,0,sara91,"","",0,1,2022-11-07 20:28:49.269690,""
266,"",,0,stephen10,"","",0,1,2022-11-07 20:28:49.304690,""
267,"",,0,kimberly67,"","",0,1,2022-11-07 20:28:49.338693,""
268,"",,0,ymendez,"","",0,1,2022-11-07 20:28:49.370592,""
269,"",,0,smitherik,"","",0,1,2022-11-07 20:28:49.402691,""
270,"",,0,stacyberry,"","",0,1,2022-11-07 20:28:49.437683,""
271,"",,0,diane65,"","",0,1,2022-11-07 20:28:49.469591,""
272,"",,0,brianbutler,"","",0,1,2022-11-07 20:28:49.502703,""
273,"",,0,joshua16,"","",0,1,2022-11-07 20:28:49.533675,""
274,"",,0,antonio10,"","",0,1,2022-11-07 20:28:49.566595,""
275,"",,0,randallgerald,"","",0,1,2022-11-07 20:28:49.597717,""
276,"",,0,lisa55,"","",0,1,2022-11-07 20:28:49.630002,""
277,"",,0,lopezbenjamin,"","",0,1,2022-11-07 20:28:49.664532,""
278,"",,0,bmoody,"","",0,1,2022-11-07 20:28:49.696635,""
279,"",,0,robertsonsabrina,"","",0,1,2022-11-07 20:28:49.729622,""
280,"",,0,kmiller,"","",0,1,2022-11-07 20:28:49.762621,""
281,"",,0,lescobar,"","",0,1,2022-11-07 20:28:49.797532,""
282,"",,0,henrycarson,"","",0,1,2022-11-07 20:28:49.831395,""
283,"",,0,ssmith,"","",0,1,2022-11-07 20:28:49.864301,""
284,"",,0,gatesglenda,"","",0,1,2022-11-07 20:28:49.898300,""
285,"",,0,morganjones,"","",0,1,2022-11-07 20:28:49.932304,""
286,"",,0,donna14,"","",0,1,2022-11-07 20:28:49.963970,""
287,"",,0,ricemichael,"","",0,1,2022-11-07 20:28:49.997051,""
288,"",,0,randy50,"","",0,1,2022-11-07 20:28:50.028967,""
289,"",,0,williemartinez,"","",0,1,2022-11-07 20:28:50.061965,""
290,"",,0,awhite,"","",0,1,2022-11-07 20:28:50.096274,""
291,"",,0,pwood,"","",0,1,2022-11-07 20:28:50.129272,""
292,"",,0,priscilla38,"","",0,1,2022-11-07 20:28:50.162277,""
293,"",,0,ryan12,"","",0,1,2022-11-07 20:28:50.198269,""
294,"",,0,jespinoza,"","",0,1,2022-11-07 20:28:50.231742,""
295,"",,0,bsanchez,"","",0,1,2022-11-07 20:28:50.262796,""
296,"",,0,lucasjoseph,"","",0,1,2022-11-07 20:28:50.295777,""
297,"",,0,pthomas,"","",0,1,2022-11-07 20:28:50.327787,""
298,"",,0,qmoody,"","",0,1,2022-11-07 20:28:50.359679,""
299,"",,0,reyesshane,"","",0,1,2022-11-07 20:28:50.392778,""
300,"",,0,zacharybradley,"","",0,1,2022-11-07 20:28:50.423761,""
301,"",,0,patelallison,"","",0,1,2022-11-07 20:28:50.455761,""
302,"",,0,englishshannon,"","",0,1,2022-11-07 20:28:50.491679,""
303,"",,0,marquezdaniel,"","",0,1,2022-11-07 20:28:50.524485,""
304,"",,0,bakerdana,"","",0,1,2022-11-07 20:28:50.557391,""
305,"",,0,dale60,"","",0,1,2022-11-07 20:28:50.588551,""
306,"",,0,nicole37,"","",0,1,2022-11-07 20:28:50.623542,""
307,"",,0,gonzalezdanielle,"","",0,1,2022-11-07 20:28:50.658456,""
308,"",,0,xstrickland,"","",0,1,2022-11-07 20:28:50.689912,""
309,"",,0,angelagarza,"","",0,1,2022-11-07 20:28:50.723038,""
310,"",,0,corey21,"","",0,1,2022-11-07 20:28:50.756040,""
311,"",,0,tespinoza,"","",0,1,2022-11-07 20:28:50.789148,""
312,"",,0,shirleydavis,"","",0,1,2022-11-07 20:28:50.823036,""
313,"",,0,pkim,"","",0,1,2022-11-07 20:28:50.854573,""
314,"",,0,nguyenfrederick,"","",0,1,2022-11-07 20:28:50.892790,""
315,"",,0,ffernandez,"","",0,1,2022-11-07 20:28:50.928009,""
316,"",,0,dmckinney,"","",0,1,2022-11-07 20:28:50.961338,""
317,"",,0,ebyrd,"","",0,1,2022-11-07 20:28:50.993313,""
318,"",,0,ashleyrojas,"","",0,1,2022-11-07 20:28:51.028236,""
319,"",,0,ivancox,"","",0,1,2022-11-07 20:28:51.063326,""
320,"",,0,dana51,"","",0,1,2022-11-07 20:28:51.098232,""
321,"",,0,kylethomas,"","",0,1,2022-11-07 20:28:51.134236,""
322,"",,0,cbell,"","",0,1,2022-11-07 20:28:51.168632,""
323,"",,0,elizabeth71,"","",0,1,2022-11-07 20:28:51.206182,""
324,"",,0,zperkins,"","",0,1,2022-11-07 20:28:51.242087,""
325,"",,0,ryanjohnson,"","",0,1,2022-11-07 20:28:51.277182,""
326,"",,0,arielstrong,"","",0,1,2022-11-07 20:28:51.312077,""
327,"",,0,caseyjared,"","",0,1,2022-11-07 20:28:51.344360,""
328,"",,0,barnettmary,"","",0,1,2022-11-07 20:28:51.378359,""
329,"",,0,krista93,"","",0,1,2022-11-07 20:28:51.410364,""
330,"",,0,mary08,"","",0,1,2022-11-07 20:28:51.448456,""
331,"",,0,ksanders,"","",0,1,2022-11-07 20:28:51.487456,""
332,"",,0,fpatrick,"","",0,1,2022-11-07 20:28:51.526452,""
333,"",,0,kirk83,"","",0,1,2022-11-07 20:28:51.560445,""
334,"",,0,huynhkimberly,"","",0,1,2022-11-07 20:28:51.595359,""
335,"",,0,michaeldudley,"","",0,1,2022-11-07 20:28:51.629451,""
336,"",,0,shawphillip,"","",0,1,2022-11-07 20:28:51.662359,""
337,"",,0,toddstephanie,"","",0,1,2022-11-07 20:28:51.697359,""
338,"",,0,stephen69,"","",0,1,2022-11-07 20:28:51.731628,""
339,"",,0,odillon,"","",0,1,2022-11-07 20:28:51.767666,""
340,"",,0,anthonygallagher,"","",0,1,2022-11-07 20:28:51.802665,""
341,"",,0,christophermiller,"","",0,1,2022-11-07 20:28:51.838909,""
342,"",,0,mark56,"","",0,1,2022-11-07 20:28:51.875998,""
343,"",,0,nathaniel53,"","",0,1,2022-11-07 20:28:51.914002,""
344,"",,0,williamchavez,"","",0,1,2022-11-07 20:28:51.949909,""
345,"",,0,bradayers,"","",0,1,2022-11-07 20:28:51.986991,""
346,"",,0,janehart,"","",0,1,2022-11-07 20:28:52.024010,""
347,"",,0,mitchellamy,"","",0,1,2022-11-07 20:28:52.058023,""
348,"",,0,charlesbarr,"","",0,1,2022-11-07 20:28:52.092913,""
349,"",,0,dominguezkathryn,"","",0,1,2022-11-07 20:28:52.130006,""
350,"",,0,kathrynwhite,"","",0,1,2022-11-07 20:28:52.163910,""
351,"",,0,daryl66,"","",0,1,2022-11-07 20:28:52.199909,""
352,"",,0,joyce20,"","",0,1,2022-11-07 20:28:52.236268,""
353,"",,0,hallkerri,"","",0,1,2022-11-07 20:28:52.270374,""
354,"",,0,bjohnston,"","",0,1,2022-11-07 20:28:52.305469,""
355,"",,0,jacksonmaurice,"","",0,1,2022-11-07 20:28:52.341375,""
356,"",,0,andrewkaiser,"","",0,1,2022-11-07 20:28:52.373025,""
357,"",,0,wthomas,"","",0,1,2022-11-07 20:28:52.407020,""
358,"",,0,juliajames,"","",0,1,2022-11-07 20:28:52.440014,""
359,"",,0,michaelrowe,"","",0,1,2022-11-07 20:28:52.473031,""
360,"",,0,amber90,"","",0,1,2022-11-07 20:28:52.510019,""
361,"",,0,juan48,"","",0,1,2022-11-07 20:28:52.545132,""
362,"",,0,fishersergio,"","",0,1,2022-11-07 20:28:52.580132,""
363,"",,0,steinclayton,"","",0,1,2022-11-07 20:28:52.613111,""
364,"",,0,wilsonjames,"","",0,1,2022-11-07 20:28:52.648821,""
365,"",,0,angela67,"","",0,1,2022-11-07 20:28:52.680920,""
366,"",,0,jacksonharry,"","",0,1,2022-11-07 20:28:52.717821,""
367,"",,0,marygordon,"","",0,1,2022-11-07 20:28:52.756957,""
368,"",,0,jody90,"","",0,1,2022-11-07 20:28:52.793885,""
369,"",,0,jesusbray,"","",0,1,2022-11-07 20:28:52.829395,""
370,"",,0,pjones,"","",0,1,2022-11-07 20:28:52.863399,""
371,"",,0,jennifermccall,"","",0,1,2022-11-07 20:28:52.900482,""
372,"",,0,walkermarie,"","",0,1,2022-11-07 20:28:52.938394,""
373,"",,0,brooke00,"","",0,1,2022-11-07 20:28:52.974664,""
374,"",,0,lowesamantha,"","",0,1,2022-11-07 20:28:53.012250,""
375,"",,0,hendersonsarah,"","",0,1,2022-11-07 20:28:53.049291,""
376,"",,0,jenniferwagner,"","",0,1,2022-11-07 20:28:53.087253,""
377,"",,0,samantha47,"","",0,1,2022-11-07 20:28:53.122293,""
378,"",,0,jenniferbowen,"","",0,1,2022-11-07 20:28:53.155292,""
379,"",,0,awilson,"","",0,1,2022-11-07 20:28:53.189419,""
380,"",,0,richard07,"","",0,1,2022-11-07 20:28:53.226735,""
381,"",,0,vyoung,"","",0,1,2022-11-07 20:28:53.262057,""
382,"",,0,rebecca06,"","",0,1,2022-11-07 20:28:53.301092,""
383,"",,0,bwilliams,"","",0,1,2022-11-07 20:28:53.338012,""
384,"",,0,brian23,"","",0,1,2022-11-07 20:28:53.373009,""
385,"",,0,gonzalezcheryl,"","",0,1,2022-11-07 20:28:53.409098,""
386,"",,0,martinlisa,"","",0,1,2022-11-07 20:28:53.445012,""
387,"",,0,dianeproctor,"","",0,1,2022-11-07 20:28:53.479259,""
388,"",,0,johnny27,"","",0,1,2022-11-07 20:28:53.515256,""
389,"",,0,vward,"","",0,1,2022-11-07 20:28:53.548256,""
390,"",,0,galvanjennifer,"","",0,1,2022-11-07 20:28:53.584255,""
391,"",,0,travisolson,"","",0,1,2022-11-07 20:28:53.617015,""
392,"",,0,sandrawhitaker,"","",0,1,2022-11-07 20:28:53.652020,""
393,"",,0,cjenkins,"","",0,1,2022-11-07 20:28:53.683935,""
394,"",,0,xpayne,"","",0,1,2022-11-07 20:28:53.716935,""
395,"",,0,joel01,"","",0,1,2022-11-07 20:28:53.751937,""
396,"",,0,johnramirez,"","",0,1,2022-11-07 20:28:53.790216,""
397,"",,0,ningram,"","",0,1,2022-11-07 20:28:53.826118,""
398,"",,0,rodgersshirley,"","",0,1,2022-11-07 20:28:53.865118,""
399,"",,0,mikaylasmith,"","",0,1,2022-11-07 20:28:53.899739,""
400,"",,0,patrickshepard,"","",0,1,2022-11-07 20:28:53.934834,""
401,"",,0,phaynes,"","",0,1,2022-11-07 20:28:53.969936,""
402,"",,0,jared75,"","",0,1,2022-11-07 20:28:54.004920,""
403,"",,0,gtanner,"","",0,1,2022-11-07 20:28:54.037878,""
404,"",,0,kevin80,"","",0,1,2022-11-07 20:28:54.075925,""
405,"",,0,michelleking,"","",0,1,2022-11-07 20:28:54.109849,""
406,"",,0,danielsbrittany,"","",0,1,2022-11-07 20:28:54.146994,""
407,"",,0,mistyrios,"","",0,1,2022-11-07 20:28:54.181882,""
408,"",,0,miarivas,"","",0,1,2022-11-07 20:28:54.217834,""
409,"",,0,opeterson,"","",0,1,2022-11-07 20:28:54.251548,""
410,"",,0,ywilson,"","",0,1,2022-11-07 20:28:54.288636,""
411,"",,0,kathleen55,"","",0,1,2022-11-07 20:28:54.323552,""
412,"",,0,jessewallace,"","",0,1,2022-11-07 20:28:54.357638,""
413,"",,0,ngreen,"","",0,1,2022-11-07 20:28:54.391635,""
414,"",,0,morganjennifer,"","",0,1,2022-11-07 20:28:54.427553,""
415,"",,0,sarah25,"","",0,1,2022-11-07 20:28:54.461553,""
416,"",,0,kadams,"","",0,1,2022-11-07 20:28:54.529559,""
417,"",,0,cjones,"","",0,1,2022-11-07 20:28:54.565560,""
418,"",,0,benjaminolson,"","",0,1,2022-11-07 20:28:54.600571,""
419,"",,0,quinncrystal,"","",0,1,2022-11-07 20:28:54.634557,""
420,"",,0,blopez,"","",0,1,2022-11-07 20:28:54.670556,""
421,"",,0,davisdaniel,"","",0,1,2022-11-07 20:28:54.704937,""
422,"",,0,elizabethtodd,"","",0,1,2022-11-07 20:28:54.738937,""
423,"",,0,kimberly53,"","",0,1,2022-11-07 20:28:54.772960,""
424,"",,0,svazquez,"","",0,1,2022-11-07 20:28:54.807935,""
425,"",,0,cathypugh,"","",0,1,2022-11-07 20:28:54.845742,""
426,"",,0,jeremybenson,"","",0,1,2022-11-07 20:28:54.880337,""
427,"",,0,josephhayes,"","",0,1,2022-11-07 20:28:54.917365,""
428,"",,0,perryemily,"","",0,1,2022-11-07 20:28:54.953710,""
429,"",,0,kathleenjones,"","",0,1,2022-11-07 20:28:54.988718,""
430,"",,0,mfoster,"","",0,1,2022-11-07 20:28:55.022378,""
431,"",,0,bdavis,"","",0,1,2022-11-07 20:28:55.057278,""
432,"",,0,thompsonkayla,"","",0,1,2022-11-07 20:28:55.093600,""
433,"",,0,greentaylor,"","",0,1,2022-11-07 20:28:55.126704,""
434,"",,0,simpsondustin,"","",0,1,2022-11-07 20:28:55.161692,""
435,"",,0,pmartin,"","",0,1,2022-11-07 20:28:55.197688,""
436,"",,0,robertevans,"","",0,1,2022-11-07 20:28:55.234697,""
437,"",,0,brownrobert,"","",0,1,2022-11-07 20:28:55.305762,""
438,"",,0,bscott,"","",0,1,2022-11-07 20:28:55.341852,""
439,"",,0,gina32,"","",0,1,2022-11-07 20:28:55.373435,""
440,"",,0,idunn,"","",0,1,2022-11-07 20:28:55.407534,""
441,"",,0,zferguson,"","",0,1,2022-11-07 20:28:55.440624,""
442,"",,0,lmason,"","",0,1,2022-11-07 20:28:55.475703,""
443,"",,0,matthewflores,"","",0,1,2022-11-07 20:28:55.511534,""
444,"",,0,jeffreydavis,"","",0,1,2022-11-07 20:28:55.548550,""
445,"",,0,elizabeth73,"","",0,1,2022-11-07 20:28:55.586510,""
446,"",,0,ewalls,"","",0,1,2022-11-07 20:28:55.623025,""
447,"",,0,lneal,"","",0,1,2022-11-07 20:28:55.658241,""
448,"",,0,yschultz,"","",0,1,2022-11-07 20:28:55.695882,""
449,"",,0,kimberlyrodriguez,"","",0,1,2022-11-07 20:28:55.731776,""
450,"",,0,wshannon,"","",0,1,2022-11-07 20:28:55.769773,""
451,"",,0,nelsonnicole,"","",0,1,2022-11-07 20:28:55.804777,""
452,"",,0,collinslinda,"","",0,1,2022-11-07 20:28:55.842366,""
453,"",,0,cwhite,"","",0,1,2022-11-07 20:28:55.878378,""
454,"",,0,seansalazar,"","",0,1,2022-11-07 20:28:55.913378,""
455,"",,0,jackbarrera,"","",0,1,2022-11-07 20:28:55.955379,""
456,"",,0,uflynn,"","",0,1,2022-11-07 20:28:55.990383,""
457,"",,0,kristiewade,"","",0,1,2022-11-07 20:28:56.032236,""
458,"",,0,joshuamanning,"","",0,1,2022-11-07 20:28:56.083449,""
459,"",,0,stonecheryl,"","",0,1,2022-11-07 20:28:56.117358,""
460,"",,0,monica19,"","",0,1,2022-11-07 20:28:56.157355,""
461,"",,0,spencerchristopher,"","",0,1,2022-11-07 20:28:56.190240,""
462,"",,0,nicole66,"","",0,1,2022-11-07 20:28:56.225241,""
463,"",,0,silvaleonard,"","",0,1,2022-11-07 20:28:56.260151,""
464,"",,0,martinpamela,"","",0,1,2022-11-07 20:28:56.295146,""
465,"",,0,larsondavid,"","",0,1,2022-11-07 20:28:56.328302,""
466,"",,0,lisawall,"","",0,1,2022-11-07 20:28:56.363308,""
467,"",,0,william43,"","",0,1,2022-11-07 20:28:56.400599,""
468,"",,0,gpatrick,"","",0,1,2022-11-07 20:28:56.433597,""
469,"",,0,jonathanvazquez,"","",0,1,2022-11-07 20:28:56.469597,""
470,"",,0,ymccarty,"","",0,1,2022-11-07 20:28:56.503597,""
471,"",,0,michaelcain,"","",0,1,2022-11-07 20:28:56.536691,""
472,"",,0,kwilliams,"","",0,1,2022-11-07 20:28:56.569601,""
473,"",,0,vpacheco,"","",0,1,2022-11-07 20:28:56.603703,""
474,"",,0,carloshorton,"","",0,1,2022-11-07 20:28:56.637603,""
475,"",,0,yorkpaul,"","",0,1,2022-11-07 20:28:56.672596,""
476,"",,0,amyburgess,"","",0,1,2022-11-07 20:28:56.706600,""
477,"",,0,haleyvasquez,"","",0,1,2022-11-07 20:28:56.740533,""
478,"",,0,anthony16,"","",0,1,2022-11-07 20:28:56.775608,""
479,"",,0,linda24,"","",0,1,2022-11-07 20:28:56.810156,""
480,"",,0,rjohnson,"","",0,1,2022-11-07 20:28:56.842800,""
481,"",,0,wwilliams,"","",0,1,2022-11-07 20:28:56.879707,""
482,"",,0,ipeterson,"","",0,1,2022-11-07 20:28:56.913530,""
483,"",,0,rsheppard,"","",0,1,2022-11-07 20:28:56.952760,""
484,"",,0,gabriellewilkins,"","",0,1,2022-11-07 20:28:56.990790,""
485,"",,0,ogonzalez,"","",0,1,2022-11-07 20:28:57.027762,""
486,"",,0,dawn54,"","",0,1,2022-11-07 20:28:57.060757,""
487,"",,0,bryan30,"","",0,1,2022-11-07 20:28:57.096759,""
488,"",,0,jacqueline45,"","",0,1,2022-11-07 20:28:57.134789,""
489,"",,0,crystalfleming,"","",0,1,2022-11-07 20:28:57.167549,""
490,"",,0,taylorshelley,"","",0,1,2022-11-07 20:28:57.201614,""
491,"",,0,oherring,"","",0,1,2022-11-07 20:28:57.234526,""
492,"",,0,dwilliams,"","",0,1,2022-11-07 20:28:57.267522,""
493,"",,0,carrollcrystal,"","",0,1,2022-11-07 20:28:57.302522,""
494,"",,0,jonathanburke,"","",0,1,2022-11-07 20:28:57.336525,""
495,"",,0,adkinsjames,"","",0,1,2022-11-07 20:28:57.370548,""
496,"",,0,forbeschristopher,"","",0,1,2022-11-07 20:28:57.406526,""
497,"",,0,anthony61,"","",0,1,2022-11-07 20:28:57.442331,""
498,"",,0,jasonwalsh,"","",0,1,2022-11-07 20:28:57.474345,""
499,"",,0,meredith63,"","",0,1,2022-11-07 20:28:57.508237,""
500,"",,0,kennethadams,"","",0,1,2022-11-07 20:28:57.541337,""
501,"",,0,agonzalez,"","",0,1,2022-11-07 20:28:57.578263,""
502,"",,0,paulaross,"","",0,1,2022-11-07 20:28:57.613623,""
503,"",,0,amy07,"","",0,1,2022-11-07 20:28:57.652711,""
504,"",,0,gilesjohn,"","",0,1,2022-11-07 20:28:57.690670,""
505,"",,0,bbrooks,"","",0,1,2022-11-07 20:28:57.727728,""
506,"",,0,danaspencer,"","",0,1,2022-11-07 20:28:57.762628,""
507,"",,0,thomas68,"","",0,1,2022-11-07 20:28:57.796623,""
508,"",,0,rcobb,"","",0,1,2022-11-07 20:28:57.829867,""
509,"",,0,carrcalvin,"","",0,1,2022-11-07 20:28:57.868864,""
510,"",,0,coleaimee,"","",0,1,2022-11-07 20:28:57.908390,""
511,"",,0,jennifer48,"","",0,1,2022-11-07 20:28:57.940303,""
512,"",,0,millerlindsey,"","",0,1,2022-11-07 20:28:57.976304,""
513,"",,0,theresataylor,"","",0,1,2022-11-07 20:28:58.014850,""
514,"",,0,wilsonapril,"","",0,1,2022-11-07 20:28:58.050850,""
515,"",,0,sherisanchez,"","",0,1,2022-11-07 20:28:58.085845,""
516,"",,0,howellsteven,"","",0,1,2022-11-07 20:28:58.117881,""
517,"",,0,grahamalexa,"","",0,1,2022-11-07 20:28:58.153876,""
518,"",,0,coreycarrillo,"","",0,1,2022-11-07 20:28:58.185779,""
519,"",,0,lorraine26,"","",0,1,2022-11-07 20:28:58.219784,""
520,"",,0,willisfaith,"","",0,1,2022-11-07 20:28:58.253793,""
521,"",,0,briancook,"","",0,1,2022-11-07 20:28:58.291817,""
522,"",,0,igarcia,"","",0,1,2022-11-07 20:28:58.325887,""
523,"",,0,andrew84,"","",0,1,2022-11-07 20:28:58.362894,""
524,"",,0,ronald78,"","",0,1,2022-11-07 20:28:58.400789,""
525,"",,0,wallerwilliam,"","",0,1,2022-11-07 20:28:58.433277,""
526,"",,0,mcdonaldryan,"","",0,1,2022-11-07 20:28:58.469262,""
527,"",,0,williamstiffany,"","",0,1,2022-11-07 20:28:58.507348,""
528,"",,0,collinsjeffrey,"","",0,1,2022-11-07 20:28:58.543292,""
529,"",,0,fhernandez,"","",0,1,2022-11-07 20:28:58.576267,""
530,"",,0,gardnerjason,"","",0,1,2022-11-07 20:28:58.611262,""
531,"",,0,laurenstokes,"","",0,1,2022-11-07 20:28:58.644267,""
532,"",,0,wcurtis,"","",0,1,2022-11-07 20:28:58.680753,""
533,"",,0,michaelwilliams,"","",0,1,2022-11-07 20:28:58.716733,""
534,"",,0,michael01,"","",0,1,2022-11-07 20:28:58.752649,""
535,"",,0,kquinn,"","",0,1,2022-11-07 20:28:58.785417,""
536,"",,0,escott,"","",0,1,2022-11-07 20:28:58.820426,""
537,"",,0,yjones,"","",0,1,2022-11-07 20:28:58.855335,""
538,"",,0,rodriguezlouis,"","",0,1,2022-11-07 20:28:58.887003,""
539,"",,0,johnyoung,"","",0,1,2022-11-07 20:28:58.923216,""
540,"",,0,savannahlawson,"","",0,1,2022-11-07 20:28:58.959445,""
541,"",,0,uallen,"","",0,1,2022-11-07 20:28:58.992430,""
542,"",,0,upitts,"","",0,1,2022-11-07 20:28:59.030352,""
543,"",,0,award,"","",0,1,2022-11-07 20:28:59.063348,""
544,"",,0,benjamin86,"","",0,1,2022-11-07 20:28:59.108350,""
545,"",,0,yschneider,"","",0,1,2022-11-07 20:28:59.146350,""
546,"",,0,erika11,"","",0,1,2022-11-07 20:28:59.182352,""
547,"",,0,lisa67,"","",0,1,2022-11-07 20:28:59.215075,""
548,"",,0,amber14,"","",0,1,2022-11-07 20:28:59.248165,""
549,"",,0,jelliott,"","",0,1,2022-11-07 20:28:59.281040,""
550,"",,0,swright,"","",0,1,2022-11-07 20:28:59.314040,""
551,"",,0,denisegoodman,"","",0,1,2022-11-07 20:28:59.348104,""
552,"",,0,courtney99,"","",0,1,2022-11-07 20:28:59.382044,""
553,"",,0,linda03,"","",0,1,2022-11-07 20:28:59.417152,""
554,"",,0,jamie43,"","",0,1,2022-11-07 20:28:59.450039,""
555,"",,0,coreywest,"","",0,1,2022-11-07 20:28:59.483040,""
556,"",,0,frankholmes,"","",0,1,2022-11-07 20:28:59.516130,""
557,"",,0,sonya46,"","",0,1,2022-11-07 20:28:59.549134,""
558,"",,0,ggoodman,"","",0,1,2022-11-07 20:28:59.618039,""
559,"",,0,walkerlauren,"","",0,1,2022-11-07 20:28:59.651255,""
560,"",,0,deborahtodd,"","",0,1,2022-11-07 20:28:59.685256,""
561,"",,0,joneschristopher,"","",0,1,2022-11-07 20:28:59.718265,""
562,"",,0,edward82,"","",0,1,2022-11-07 20:28:59.751256,""
563,"",,0,bfarmer,"","",0,1,2022-11-07 20:28:59.787257,""
564,"",,0,ryanchristensen,"","",0,1,2022-11-07 20:28:59.821193,""
565,"",,0,mcintoshheather,"","",0,1,2022-11-07 20:28:59.857294,""
566,"",,0,mccarthysheri,"","",0,1,2022-11-07 20:28:59.890300,""
567,"",,0,osanchez,"","",0,1,2022-11-07 20:28:59.923281,""
568,"",,0,lperry,"","",0,1,2022-11-07 20:28:59.957229,""
569,"",,0,amanda19,"","",0,1,2022-11-07 20:28:59.991214,""
570,"",,0,lpitts,"","",0,1,2022-11-07 20:29:00.029210,""
571,"",,0,brockchristopher,"","",0,1,2022-11-07 20:29:00.065202,""
572,"",,0,forbesbrittany,"","",0,1,2022-11-07 20:29:00.099195,""
573,"",,0,briannichols,"","",0,1,2022-11-07 20:29:00.132112,""
574,"",,0,rashley,"","",0,1,2022-11-07 20:29:00.166155,""
575,"",,0,bethanywilliams,"","",0,1,2022-11-07 20:29:00.201196,""
576,"",,0,jennifer20,"","",0,1,2022-11-07 20:29:00.237194,""
577,"",,0,wilsonchristopher,"","",0,1,2022-11-07 20:29:00.270112,""
578,"",,0,whayes,"","",0,1,2022-11-07 20:29:00.305118,""
579,"",,0,dawn81,"","",0,1,2022-11-07 20:29:00.340118,""
580,"",,0,angela45,"","",0,1,2022-11-07 20:29:00.375683,""
581,"",,0,lindseywarren,"","",0,1,2022-11-07 20:29:00.407683,""
582,"",,0,nicolas27,"","",0,1,2022-11-07 20:29:00.443656,""
583,"",,0,hthompson,"","",0,1,2022-11-07 20:29:00.475693,""
584,"",,0,johnsonjessica,"","",0,1,2022-11-07 20:29:00.512730,""
585,"",,0,andrewdavies,"","",0,1,2022-11-07 20:29:00.548691,""
586,"",,0,jordanreginald,"","",0,1,2022-11-07 20:29:00.585026,""
587,"",,0,choffman,"","",0,1,2022-11-07 20:29:00.618530,""
588,"",,0,robinknight,"","",0,1,2022-11-07 20:29:00.650445,""
589,"",,0,garciastephanie,"","",0,1,2022-11-07 20:29:00.685259,""
590,"",,0,brandi73,"","",0,1,2022-11-07 20:29:00.717255,""
591,"",,0,ccollins,"","",0,1,2022-11-07 20:29:00.753031,""
592,"",,0,deanedward,"","",0,1,2022-11-07 20:29:00.789024,""
593,"",,0,susan97,"","",0,1,2022-11-07 20:29:00.827936,""
594,"",,0,sheilaperez,"","",0,1,2022-11-07 20:29:00.861865,""
595,"",,0,sjuarez,"","",0,1,2022-11-07 20:29:00.895945,""
596,"",,0,stephaniewilliams,"","",0,1,2022-11-07 20:29:00.931843,""
597,"",,0,donald13,"","",0,1,2022-11-07 20:29:00.968934,""
598,"",,0,debbie83,"","",0,1,2022-11-07 20:29:01.003879,""
599,"",,0,roger24,"","",0,1,2022-11-07 20:29:01.037033,""
600,"",,0,rubiocraig,"","",0,1,2022-11-07 20:29:01.072384,""
601,"",,0,whitney55,"","",0,1,2022-11-07 20:29:01.106411,""
602,"",,0,andreamaldonado,"","",0,1,2022-11-07 20:29:01.138384,""
603,"",,0,bcharles,"","",0,1,2022-11-07 20:29:01.174299,""
604,"",,0,joserose,"","",0,1,2022-11-07 20:29:01.208305,""
605,"",,0,alyssastrong,"","",0,1,2022-11-07 20:29:01.244567,""
606,"",,0,jennifernovak,"","",0,1,2022-11-07 20:29:01.280677,""
607,"",,0,andrewware,"","",0,1,2022-11-07 20:29:01.315783,""
608,"",,0,vsnyder,"","",0,1,2022-11-07 20:29:01.349679,""
609,"",,0,thomaswest,"","",0,1,2022-11-07 20:29:01.385679,""
610,"",,0,nathaniellivingston,"","",0,1,2022-11-07 20:29:01.419677,""
611,"",,0,jennifer28,"","",0,1,2022-11-07 20:29:01.455779,""
612,"",,0,christopher15,"","",0,1,2022-11-07 20:29:01.491677,""
613,"",,0,martha06,"","",0,1,2022-11-07 20:29:01.523677,""
614,"",,0,hbryant,"","",0,1,2022-11-07 20:29:01.557556,""
615,"",,0,smithwendy,"","",0,1,2022-11-07 20:29:01.590554,""
616,"",,0,frankhoward,"","",0,1,2022-11-07 20:29:01.624559,""
617,"",,0,williamsstephanie,"","",0,1,2022-11-07 20:29:01.660561,""
618,"",,0,austin04,"","",0,1,2022-11-07 20:29:01.697471,""
619,"",,0,kaitlynrobinson,"","",0,1,2022-11-07 20:29:01.735131,""
620,"",,0,lukemathis,"","",0,1,2022-11-07 20:29:01.770133,""
621,"",,0,ddonaldson,"","",0,1,2022-11-07 20:29:01.805042,""
622,"",,0,leemurphy,"","",0,1,2022-11-07 20:29:01.840051,""
623,"",,0,operry,"","",0,1,2022-11-07 20:29:01.873038,""
624,"",,0,twhitaker,"","",0,1,2022-11-07 20:29:01.906039,""
625,"",,0,angela19,"","",0,1,2022-11-07 20:29:01.941053,""
626,"",,0,rickymendez,"","",0,1,2022-11-07 20:29:01.975038,""
627,"",,0,nicoleevans,"","",0,1,2022-11-07 20:29:02.009122,""
628,"",,0,ayalabarbara,"","",0,1,2022-11-07 20:29:02.041039,""
629,"",,0,ihudson,"","",0,1,2022-11-07 20:29:02.077037,""
630,"",,0,fknight,"","",0,1,2022-11-07 20:29:02.115269,""
631,"",,0,tdavenport,"","",0,1,2022-11-07 20:29:02.150187,""
632,"",,0,duartejulie,"","",0,1,2022-11-07 20:29:02.185473,""
633,"",,0,clarklisa,"","",0,1,2022-11-07 20:29:02.221826,""
634,"",,0,madison93,"","",0,1,2022-11-07 20:29:02.257813,""
635,"",,0,donna67,"","",0,1,2022-11-07 20:29:02.293730,""
636,"",,0,janetwilson,"","",0,1,2022-11-07 20:29:02.330735,""
637,"",,0,sabrinawalton,"","",0,1,2022-11-07 20:29:02.367826,""
638,"",,0,johnsonana,"","",0,1,2022-11-07 20:29:02.401735,""
639,"",,0,susanvaughn,"","",0,1,2022-11-07 20:29:02.435364,""
640,"",,0,amandaheath,"","",0,1,2022-11-07 20:29:02.472715,""
641,"",,0,williamsanthony,"","",0,1,2022-11-07 20:29:02.508607,""
642,"",,0,thomas10,"","",0,1,2022-11-07 20:29:02.546604,""
643,"",,0,mhicks,"","",0,1,2022-11-07 20:29:02.583691,""
644,"",,0,kaitlinnielsen,"","",0,1,2022-11-07 20:29:02.617694,""
645,"",,0,zfranklin,"","",0,1,2022-11-07 20:29:02.653696,""
646,"",,0,gregoryhawkins,"","",0,1,2022-11-07 20:29:02.689603,""
647,"",,0,joshuaphillips,"","",0,1,2022-11-07 20:29:02.723607,""
648,"",,0,contrerascheryl,"","",0,1,2022-11-07 20:29:02.757603,""
649,"",,0,smithlee,"","",0,1,2022-11-07 20:29:02.789651,""
650,"",,0,joseclark,"","",0,1,2022-11-07 20:29:02.824608,""
651,"",,0,jamesjohnson,"","",0,1,2022-11-07 20:29:02.858256,""
652,"",,0,russelljeremiah,"","",0,1,2022-11-07 20:29:02.892861,""
653,"",,0,kristinjones,"","",0,1,2022-11-07 20:29:02.928882,""
654,"",,0,ulowery,"","",0,1,2022-11-07 20:29:02.963752,""
655,"",,0,garciamichael,"","",0,1,2022-11-07 20:29:02.998753,""
656,"",,0,justinrobinson,"","",0,1,2022-11-07 20:29:03.033934,""
657,"",,0,cunninghamcourtney,"","",0,1,2022-11-07 20:29:03.067753,""
658,"",,0,esalazar,"","",0,1,2022-11-07 20:29:03.103750,""
659,"",,0,paulawatkins,"","",0,1,2022-11-07 20:29:03.136848,""
660,"",,0,vincent16,"","",0,1,2022-11-07 20:29:03.173851,""
661,"",,0,catherine49,"","",0,1,2022-11-07 20:29:03.206754,""
662,"",,0,tgray,"","",0,1,2022-11-07 20:29:03.241855,""
663,"",,0,cindy86,"","",0,1,2022-11-07 20:29:03.274750,""
664,"",,0,espinozajade,"","",0,1,2022-11-07 20:29:03.313750,""
665,"",,0,cummingssheena,"","",0,1,2022-11-07 20:29:03.349843,""
666,"",,0,cluna,"","",0,1,2022-11-07 20:29:03.383844,""
667,"",,0,john44,"","",0,1,2022-11-07 20:29:03.416753,""
668,"",,0,igriffin,"","",0,1,2022-11-07 20:29:03.449842,""
669,"",,0,campbellmegan,"","",0,1,2022-11-07 20:29:03.484753,""
670,"",,0,lbrown,"","",0,1,2022-11-07 20:29:03.522833,""
671,"",,0,rogersbradley,"","",0,1,2022-11-07 20:29:03.555750,""
672,"",,0,paul34,"","",0,1,2022-11-07 20:29:03.587808,""
673,"",,0,emayo,"","",0,1,2022-11-07 20:29:03.623787,""
674,"",,0,tina16,"","",0,1,2022-11-07 20:29:03.658772,""
675,"",,0,robert02,"","",0,1,2022-11-07 20:29:03.690986,""
676,"",,0,janice12,"","",0,1,2022-11-07 20:29:03.760990,""
677,"",,0,michaelrobbins,"","",0,1,2022-11-07 20:29:03.799891,""
678,"",,0,martinana,"","",0,1,2022-11-07 20:29:03.836729,""
679,"",,0,kaitlyn11,"","",0,1,2022-11-07 20:29:03.869129,""
680,"",,0,pierceveronica,"","",0,1,2022-11-07 20:29:03.903129,""
681,"",,0,qevans,"","",0,1,2022-11-07 20:29:03.939192,""
682,"",,0,hernandezmatthew,"","",0,1,2022-11-07 20:29:03.976134,""
683,"",,0,daryl23,"","",0,1,2022-11-07 20:29:04.010129,""
684,"",,0,garyhernandez,"","",0,1,2022-11-07 20:29:04.044247,""
685,"",,0,morrisjeanne,"","",0,1,2022-11-07 20:29:04.077135,""
686,"",,0,rebeccacohen,"","",0,1,2022-11-07 20:29:04.111217,""
687,"",,0,traceyfuller,"","",0,1,2022-11-07 20:29:04.144177,""
688,"",,0,bellbrenda,"","",0,1,2022-11-07 20:29:04.178218,""
689,"",,0,jenniferhayes,"","",0,1,2022-11-07 20:29:04.210925,""
690,"",,0,philip78,"","",0,1,2022-11-07 20:29:04.248856,""
691,"",,0,cookcindy,"","",0,1,2022-11-07 20:29:04.286855,""
692,"",,0,nclements,"","",0,1,2022-11-07 20:29:04.323856,""
693,"",,0,whughes,"","",0,1,2022-11-07 20:29:04.360353,""
694,"",,0,bespinoza,"","",0,1,2022-11-07 20:29:04.394356,""
695,"",,0,calderonashley,"","",0,1,2022-11-07 20:29:04.430895,""
696,"",,0,zachary01,"","",0,1,2022-11-07 20:29:04.463127,""
697,"",,0,colliertrevor,"","",0,1,2022-11-07 20:29:04.496508,""
698,"",,0,rosedanielle,"","",0,1,2022-11-07 20:29:04.532510,""
699,"",,0,milesalyssa,"","",0,1,2022-11-07 20:29:04.567519,""
700,"",,0,hsherman,"","",0,1,2022-11-07 20:29:04.602519,""
701,"",,0,oroberts,"","",0,1,2022-11-07 20:29:04.636422,""
702,"",,0,heather06,"","",0,1,2022-11-07 20:29:04.672420,""
703,"",,0,william67,"","",0,1,2022-11-07 20:29:04.704126,""
704,"",,0,thomasmiles,"","",0,1,2022-11-07 20:29:04.739124,""
705,"",,0,mcarrillo,"","",0,1,2022-11-07 20:29:04.773135,""
706,"",,0,larsoncarrie,"","",0,1,2022-11-07 20:29:04.807221,""
707,"",,0,melissafreeman,"","",0,1,2022-11-07 20:29:04.842242,""
708,"",,0,lisamatthews,"","",0,1,2022-11-07 20:29:04.879068,""
709,"",,0,jacksonpaul,"","",0,1,2022-11-07 20:29:04.917068,""
710,"",,0,weststephen,"","",0,1,2022-11-07 20:29:04.951042,""
711,"",,0,martinsean,"","",0,1,2022-11-07 20:29:04.988041,""
712,"",,0,qmeyer,"","",0,1,2022-11-07 20:29:05.026452,""
713,"",,0,amandacunningham,"","",0,1,2022-11-07 20:29:05.064489,""
714,"",,0,audrey96,"","",0,1,2022-11-07 20:29:05.100456,""
715,"",,0,nsmith,"","",0,1,2022-11-07 20:29:05.134863,""
716,"",,0,elizabeth22,"","",0,1,2022-11-07 20:29:05.169956,""
717,"",,0,benjaminfarley,"","",0,1,2022-11-07 20:29:05.204862,""
718,"",,0,edwardsdarrell,"","",0,1,2022-11-07 20:29:05.239953,""
719,"",,0,ericrobinson,"","",0,1,2022-11-07 20:29:05.276864,""
720,"",,0,robert28,"","",0,1,2022-11-07 20:29:05.315862,""
721,"",,0,epark,"","",0,1,2022-11-07 20:29:05.354955,""
722,"",,0,amanda90,"","",0,1,2022-11-07 20:29:05.389861,""
723,"",,0,jonathancole,"","",0,1,2022-11-07 20:29:05.428111,""
724,"",,0,riosstephanie,"","",0,1,2022-11-07 20:29:05.461305,""
725,"",,0,devans,"","",0,1,2022-11-07 20:29:05.494424,""
726,"",,0,abrewer,"","",0,1,2022-11-07 20:29:05.527313,""
727,"",,0,dianesandoval,"","",0,1,2022-11-07 20:29:05.562387,""
728,"",,0,kelly83,"","",0,1,2022-11-07 20:29:05.598306,""
729,"",,0,kevincamacho,"","",0,1,2022-11-07 20:29:05.633309,""
730,"",,0,robinfisher,"","",0,1,2022-11-07 20:29:05.668304,""
731,"",,0,newmanhenry,"","",0,1,2022-11-07 20:29:05.703388,""
732,"",,0,davenportanthony,"","",0,1,2022-11-07 20:29:05.741303,""
733,"",,0,fullerdiana,"","",0,1,2022-11-07 20:29:05.779307,""
734,"",,0,sharon30,"","",0,1,2022-11-07 20:29:05.812317,""
735,"",,0,yhamilton,"","",0,1,2022-11-07 20:29:05.845302,""
736,"",,0,burnsashley,"","",0,1,2022-11-07 20:29:05.881498,""
737,"",,0,carlawolfe,"","",0,1,2022-11-07 20:29:05.917491,""
738,"",,0,laurencollier,"","",0,1,2022-11-07 20:29:05.954502,""
739,"",,0,tpalmer,"","",0,1,2022-11-07 20:29:05.989502,""
740,"",,0,kathrynlee,"","",0,1,2022-11-07 20:29:06.025488,""
741,"",,0,leah79,"","",0,1,2022-11-07 20:29:06.065922,""
742,"",,0,carneyeric,"","",0,1,2022-11-07 20:29:06.100827,""
743,"",,0,deborah80,"","",0,1,2022-11-07 20:29:06.134535,""
744,"",,0,julietaylor,"","",0,1,2022-11-07 20:29:06.167273,""
745,"",,0,salazaralexandria,"","",0,1,2022-11-07 20:29:06.202753,""
746,"",,0,matthew13,"","",0,1,2022-11-07 20:29:06.236688,""
747,"",,0,duncanheather,"","",0,1,2022-11-07 20:29:06.274683,""
748,"",,0,nelsonrichard,"","",0,1,2022-11-07 20:29:06.307232,""
749,"",,0,cody54,"","",0,1,2022-11-07 20:29:06.342387,""
750,"",,0,anthonyfranco,"","",0,1,2022-11-07 20:29:06.414324,""
751,"",,0,bryangonzalez,"","",0,1,2022-11-07 20:29:06.450308,""
752,"",,0,edward59,"","",0,1,2022-11-07 20:29:06.483297,""
753,"",,0,kimberly07,"","",0,1,2022-11-07 20:29:06.517466,""
754,"",,0,jessica58,"","",0,1,2022-11-07 20:29:06.551470,""
755,"",,0,bsnyder,"","",0,1,2022-11-07 20:29:06.587465,""
756,"",,0,youngmaria,"","",0,1,2022-11-07 20:29:06.624092,""
757,"",,0,kimberlyblankenship,"","",0,1,2022-11-07 20:29:06.661186,""
758,"",,0,woodardchristy,"","",0,1,2022-11-07 20:29:06.695102,""
759,"",,0,jason62,"","",0,1,2022-11-07 20:29:06.729187,""
760,"",,0,steven00,"","",0,1,2022-11-07 20:29:06.764101,""
761,"",,0,derek86,"","",0,1,2022-11-07 20:29:06.820179,""
762,"",,0,lbyrd,"","",0,1,2022-11-07 20:29:06.857088,""
763,"",,0,cory45,"","",0,1,2022-11-07 20:29:06.892088,""
764,"",,0,kimberly31,"","",0,1,2022-11-07 20:29:06.928439,""
765,"",,0,hhoward,"","",0,1,2022-11-07 20:29:06.976441,""
766,"",,0,harrisshannon,"","",0,1,2022-11-07 20:29:07.016448,""
767,"",,0,charlesfry,"","",0,1,2022-11-07 20:29:07.049370,""
768,"",,0,bdaniel,"","",0,1,2022-11-07 20:29:07.082442,""
769,"",,0,ydaniels,"","",0,1,2022-11-07 20:29:07.115445,""
770,"",,0,danielkelly,"","",0,1,2022-11-07 20:29:07.147360,""
771,"",,0,joan09,"","",0,1,2022-11-07 20:29:07.181445,""
772,"",,0,obenitez,"","",0,1,2022-11-07 20:29:07.215441,""
773,"",,0,brooksdebra,"","",0,1,2022-11-07 20:29:07.248445,""
774,"",,0,zachary58,"","",0,1,2022-11-07 20:29:07.320556,""
775,"",,0,mitchellpamela,"","",0,1,2022-11-07 20:29:07.356474,""
776,"",,0,fisherjessica,"","",0,1,2022-11-07 20:29:07.389583,""
777,"",,0,daniel42,"","",0,1,2022-11-07 20:29:07.425470,""
778,"",,0,wolfjohn,"","",0,1,2022-11-07 20:29:07.459575,""
779,"",,0,richardhunter,"","",0,1,2022-11-07 20:29:07.503368,""
780,"",,0,brooksmandy,"","",0,1,2022-11-07 20:29:07.535592,""
781,"",,0,dmorgan,"","",0,1,2022-11-07 20:29:07.569478,""
782,"",,0,walteranthony,"","",0,1,2022-11-07 20:29:07.601765,""
783,"",,0,turnerrichard,"","",0,1,2022-11-07 20:29:07.633780,""
784,"",,0,stephensonkelly,"","",0,1,2022-11-07 20:29:07.669774,""
785,"",,0,davidhart,"","",0,1,2022-11-07 20:29:07.703682,""
786,"",,0,jennifer41,"","",0,1,2022-11-07 20:29:07.738280,""
787,"",,0,shirley60,"","",0,1,2022-11-07 20:29:07.773184,""
788,"",,0,zmarshall,"","",0,1,2022-11-07 20:29:07.805182,""
789,"",,0,logan84,"","",0,1,2022-11-07 20:29:07.839564,""
790,"",,0,kaitlyn30,"","",0,1,2022-11-07 20:29:07.873559,""
791,"",,0,joseph56,"","",0,1,2022-11-07 20:29:07.906554,""
792,"",,0,jorgemorales,"","",0,1,2022-11-07 20:29:07.939548,""
793,"",,0,samantha11,"","",0,1,2022-11-07 20:29:07.972553,""
794,"",,0,clayton06,"","",0,1,2022-11-07 20:29:08.006465,""
795,"",,0,xstout,"","",0,1,2022-11-07 20:29:08.044269,""
796,"",,0,zsteele,"","",0,1,2022-11-07 20:29:08.076350,""
797,"",,0,jeffersonsandra,"","",0,1,2022-11-07 20:29:08.110360,""
798,"",,0,keithmelissa,"","",0,1,2022-11-07 20:29:08.143989,""
799,"",,0,denisegarza,"","",0,1,2022-11-07 20:29:08.177011,""
800,"",,0,jasminegarrison,"","",0,1,2022-11-07 20:29:08.210012,""
801,"",,0,adamlynch,"","",0,1,2022-11-07 20:29:08.245010,""
802,"",,0,susangomez,"","",0,1,2022-11-07 20:29:08.279927,""
803,"",,0,bdiaz,"","",0,1,2022-11-07 20:29:08.312007,""
804,"",,0,ologan,"","",0,1,2022-11-07 20:29:08.346004,""
805,"",,0,grahamashley,"","",0,1,2022-11-07 20:29:08.379923,""
806,"",,0,leemelanie,"","",0,1,2022-11-07 20:29:08.412112,""
807,"",,0,lindsay65,"","",0,1,2022-11-07 20:29:08.445095,""
808,"",,0,duncanmichelle,"","",0,1,2022-11-07 20:29:08.479335,""
809,"",,0,jessica78,"","",0,1,2022-11-07 20:29:08.512717,""
810,"",,0,stephaniewashington,"","",0,1,2022-11-07 20:29:08.547677,""
811,"",,0,duffychristina,"","",0,1,2022-11-07 20:29:08.579661,""
812,"",,0,jenniferwilson,"","",0,1,2022-11-07 20:29:08.613635,""
813,"",,0,vsaunders,"","",0,1,2022-11-07 20:29:08.645723,""
814,"",,0,eatonmarissa,"","",0,1,2022-11-07 20:29:08.678732,""
815,"",,0,benjaminstevens,"","",0,1,2022-11-07 20:29:08.713058,""
816,"",,0,xsmith,"","",0,1,2022-11-07 20:29:08.748141,""
817,"",,0,marshalldebra,"","",0,1,2022-11-07 20:29:08.782574,""
818,"",,0,uoconnell,"","",0,1,2022-11-07 20:29:08.817484,""
819,"",,0,anthonybailey,"","",0,1,2022-11-07 20:29:08.851484,""
820,"",,0,xking,"","",0,1,2022-11-07 20:29:08.887522,""
821,"",,0,ericpeck,"","",0,1,2022-11-07 20:29:08.921525,""
822,"",,0,johnsoncheryl,"","",0,1,2022-11-07 20:29:08.956439,""
823,"",,0,krista52,"","",0,1,2022-11-07 20:29:08.989437,""
824,"",,0,moorejesus,"","",0,1,2022-11-07 20:29:09.021581,""
825,"",,0,pmurphy,"","",0,1,2022-11-07 20:29:09.056579,""
826,"",,0,michellebarrera,"","",0,1,2022-11-07 20:29:09.088714,""
827,"",,0,suzannejohnson,"","",0,1,2022-11-07 20:29:09.120499,""
828,"",,0,bradleymacdonald,"","",0,1,2022-11-07 20:29:09.153494,""
829,"",,0,sarah76,"","",0,1,2022-11-07 20:29:09.189414,""
830,"",,0,michelle77,"","",0,1,2022-11-07 20:29:09.223412,""
831,"",,0,frederick07,"","",0,1,2022-11-07 20:29:09.256514,""
832,"",,0,dennis65,"","",0,1,2022-11-07 20:29:09.288410,""
833,"",,0,laustin,"","",0,1,2022-11-07 20:29:09.321513,""
834,"",,0,phernandez,"","",0,1,2022-11-07 20:29:09.355495,""
835,"",,0,taylor61,"","",0,1,2022-11-07 20:29:09.391498,""
836,"",,0,osheppard,"","",0,1,2022-11-07 20:29:09.425423,""
837,"",,0,joseph06,"","",0,1,2022-11-07 20:29:09.457422,""
838,"",,0,james62,"","",0,1,2022-11-07 20:29:09.493444,""
839,"",,0,garciachristopher,"","",0,1,2022-11-07 20:29:09.525423,""
840,"",,0,leonard55,"","",0,1,2022-11-07 20:29:09.558427,""
841,"",,0,fnavarro,"","",0,1,2022-11-07 20:29:09.592474,""
842,"",,0,robin16,"","",0,1,2022-11-07 20:29:09.626474,""
843,"",,0,pbraun,"","",0,1,2022-11-07 20:29:09.662486,""
844,"",,0,rodgersbenjamin,"","",0,1,2022-11-07 20:29:09.697480,""
845,"",,0,richardsonjeffrey,"","",0,1,2022-11-07 20:29:09.732394,""
846,"",,0,garciajeanette,"","",0,1,2022-11-07 20:29:09.766487,""
847,"",,0,patrick15,"","",0,1,2022-11-07 20:29:09.801390,""
848,"",,0,hharrison,"","",0,1,2022-11-07 20:29:09.834390,""
849,"",,0,paul25,"","",0,1,2022-11-07 20:29:09.865843,""
850,"",,0,pross,"","",0,1,2022-11-07 20:29:09.900693,""
851,"",,0,james19,"","",0,1,2022-11-07 20:29:09.932640,""
852,"",,0,tammy42,"","",0,1,2022-11-07 20:29:09.965658,""
853,"",,0,garciajorge,"","",0,1,2022-11-07 20:29:09.997754,""
854,"",,0,nicholaswade,"","",0,1,2022-11-07 20:29:10.030741,""
855,"",,0,ewebb,"","",0,1,2022-11-07 20:29:10.066764,""
856,"",,0,wardbrandon,"","",0,1,2022-11-07 20:29:10.099661,""
857,"",,0,ujackson,"","",0,1,2022-11-07 20:29:10.132663,""
858,"",,0,erin90,"","",0,1,2022-11-07 20:29:10.165659,""
859,"",,0,rachelbrown,"","",0,1,2022-11-07 20:29:10.198433,""
860,"",,0,gomezsteven,"","",0,1,2022-11-07 20:29:10.231252,""
861,"",,0,nunezjoseph,"","",0,1,2022-11-07 20:29:10.264174,""
862,"",,0,mperez,"","",0,1,2022-11-07 20:29:10.297345,""
863,"",,0,kbowman,"","",0,1,2022-11-07 20:29:10.330211,""
864,"",,0,riggsjasmine,"","",0,1,2022-11-07 20:29:10.366172,""
865,"",,0,donnanovak,"","",0,1,2022-11-07 20:29:10.399533,""
866,"",,0,aprilking,"","",0,1,2022-11-07 20:29:10.432595,""
867,"",,0,misty19,"","",0,1,2022-11-07 20:29:10.464589,""
868,"",,0,daviddunn,"","",0,1,2022-11-07 20:29:10.498590,""
869,"",,0,alierica,"","",0,1,2022-11-07 20:29:10.531594,""
870,"",,0,richardsangela,"","",0,1,2022-11-07 20:29:10.600597,""
871,"",,0,ykaiser,"","",0,1,2022-11-07 20:29:10.633507,""
872,"",,0,patricialawrence,"","",0,1,2022-11-07 20:29:10.666437,""
873,"",,0,lori43,"","",0,1,2022-11-07 20:29:10.698430,""
874,"",,0,brandimunoz,"","",0,1,2022-11-07 20:29:10.738433,""
875,"",,0,crosbythomas,"","",0,1,2022-11-07 20:29:10.772429,""
876,"",,0,mgarza,"","",0,1,2022-11-07 20:29:10.807348,""
877,"",,0,foxandrew,"","",0,1,2022-11-07 20:29:10.838756,""
878,"",,0,mclaughlingregory,"","",0,1,2022-11-07 20:29:10.874758,""
879,"",,0,lovelori,"","",0,1,2022-11-07 20:29:10.906753,""
880,"",,0,carriefowler,"","",0,1,2022-11-07 20:29:10.940799,""
881,"",,0,amber17,"","",0,1,2022-11-07 20:29:10.971798,""
882,"",,0,angela97,"","",0,1,2022-11-07 20:29:11.003441,""
883,"",,0,johnwilliams,"","",0,1,2022-11-07 20:29:11.038540,""
884,"",,0,allencourtney,"","",0,1,2022-11-07 20:29:11.070442,""
885,"",,0,erin34,"","",0,1,2022-11-07 20:29:11.103442,""
886,"",,0,blawson,"","",0,1,2022-11-07 20:29:11.136443,""
887,"",,0,mark74,"","",0,1,2022-11-07 20:29:11.171956,""
888,"",,0,edward58,"","",0,1,2022-11-07 20:29:11.204956,""
889,"",,0,amythompson,"","",0,1,2022-11-07 20:29:11.236957,""
890,"",,0,brownadam,"","",0,1,2022-11-07 20:29:11.271956,""
891,"",,0,leemanuel,"","",0,1,2022-11-07 20:29:11.306959,""
892,"",,0,julie42,"","",0,1,2022-11-07 20:29:11.339958,""
893,"",,0,robertpalmer,"","",0,1,2022-11-07 20:29:11.374053,""
894,"",,0,devin38,"","",0,1,2022-11-07 20:29:11.407045,""
895,"",,0,nathan43,"","",0,1,2022-11-07 20:29:11.439853,""
896,"",,0,austingolden,"","",0,1,2022-11-07 20:29:11.471757,""
897,"",,0,patriciahendrix,"","",0,1,2022-11-07 20:29:11.507170,""
898,"",,0,sabrina10,"","",0,1,2022-11-07 20:29:11.540165,""
899,"",,0,fthompson,"","",0,1,2022-11-07 20:29:11.573055,""
900,"",,0,hurleydonald,"","",0,1,2022-11-07 20:29:11.606851,""
901,"",,0,jasonparker,"","",0,1,2022-11-07 20:29:11.639847,""
902,"",,0,lstuart,"","",0,1,2022-11-07 20:29:11.673598,""
903,"",,0,reginamatthews,"","",0,1,2022-11-07 20:29:11.708598,""
904,"",,0,jessica61,"","",0,1,2022-11-07 20:29:11.742358,""
905,"",,0,adamskelly,"","",0,1,2022-11-07 20:29:11.773355,""
906,"",,0,owensnancy,"","",0,1,2022-11-07 20:29:11.805260,""
907,"",,0,tinagilbert,"","",0,1,2022-11-07 20:29:11.841263,""
908,"",,0,wernerlinda,"","",0,1,2022-11-07 20:29:11.876263,""
909,"",,0,pberger,"","",0,1,2022-11-07 20:29:11.909258,""
910,"",,0,amyjordan,"","",0,1,2022-11-07 20:29:11.946123,""
911,"",,0,nicholasjohnson,"","",0,1,2022-11-07 20:29:11.988407,""
912,"",,0,brownrachel,"","",0,1,2022-11-07 20:29:12.023401,""
913,"",,0,ncastro,"","",0,1,2022-11-07 20:29:12.056692,""
914,"",,0,zpalmer,"","",0,1,2022-11-07 20:29:12.093716,""
915,"",,0,stephanie09,"","",0,1,2022-11-07 20:29:12.146792,""
916,"",,0,diane43,"","",0,1,2022-11-07 20:29:12.179700,""
917,"",,0,vhuynh,"","",0,1,2022-11-07 20:29:12.212697,""
918,"",,0,ebailey,"","",0,1,2022-11-07 20:29:12.246701,""
919,"",,0,dalecooke,"","",0,1,2022-11-07 20:29:12.278779,""
920,"",,0,dcaldwell,"","",0,1,2022-11-07 20:29:12.311781,""
921,"",,0,mwelch,"","",0,1,2022-11-07 20:29:12.346695,""
922,"",,0,hernandezcourtney,"","",0,1,2022-11-07 20:29:12.379729,""
923,"",,0,alexanderbrian,"","",0,1,2022-11-07 20:29:12.413697,""
924,"",,0,shortcheryl,"","",0,1,2022-11-07 20:29:12.447784,""
925,"",,0,vpatel,"","",0,1,2022-11-07 20:29:12.481697,""
926,"",,0,rogerhill,"","",0,1,2022-11-07 20:29:12.515872,""
927,"",,0,aquinn,"","",0,1,2022-11-07 20:29:12.548848,""
928,"",,0,benjaminjenkins,"","",0,1,2022-11-07 20:29:12.582849,""
929,"",,0,dross,"","",0,1,2022-11-07 20:29:12.617587,""
930,"",,0,mstewart,"","",0,1,2022-11-07 20:29:12.650670,""
931,"",,0,vjones,"","",0,1,2022-11-07 20:29:12.684671,""
932,"",,0,theresa65,"","",0,1,2022-11-07 20:29:12.718586,""
933,"",,0,tammymarsh,"","",0,1,2022-11-07 20:29:12.751681,""
934,"",,0,greentravis,"","",0,1,2022-11-07 20:29:12.790692,""
935,"",,0,frankrobinson,"","",0,1,2022-11-07 20:29:12.824587,""
936,"",,0,henry46,"","",0,1,2022-11-07 20:29:12.858586,""
937,"",,0,jmendoza,"","",0,1,2022-11-07 20:29:12.893874,""
938,"",,0,gballard,"","",0,1,2022-11-07 20:29:12.925943,""
939,"",,0,zowens,"","",0,1,2022-11-07 20:29:12.961014,""
940,"",,0,qholmes,"","",0,1,2022-11-07 20:29:12.997921,""
941,"",,0,walkermaria,"","",0,1,2022-11-07 20:29:13.032998,""
942,"",,0,tannerlouis,"","",0,1,2022-11-07 20:29:13.068098,""
943,"",,0,paula60,"","",0,1,2022-11-07 20:29:13.101094,""
944,"",,0,jenniferalvarez,"","",0,1,2022-11-07 20:29:13.134087,""
945,"",,0,erin63,"","",0,1,2022-11-07 20:29:13.167090,""
946,"",,0,cruzbarbara,"","",0,1,2022-11-07 20:29:13.204006,""
947,"",,0,michael96,"","",0,1,2022-11-07 20:29:13.237016,""
948,"",,0,smithpeter,"","",0,1,2022-11-07 20:29:13.269990,""
949,"",,0,melaniealvarado,"","",0,1,2022-11-07 20:29:13.303026,""
950,"",,0,wallacemelvin,"","",0,1,2022-11-07 20:29:13.337106,""
951,"",,0,olsontravis,"","",0,1,2022-11-07 20:29:13.371114,""
952,"",,0,esmith,"","",0,1,2022-11-07 20:29:13.405103,""
953,"",,0,pnelson,"","",0,1,2022-11-07 20:29:13.442015,""
954,"",,0,vfernandez,"","",0,1,2022-11-07 20:29:13.476106,""
955,"",,0,nicholas74,"","",0,1,2022-11-07 20:29:13.508106,""
956,"",,0,joyce07,"","",0,1,2022-11-07 20:29:13.543017,""
957,"",,0,usmith,"","",0,1,2022-11-07 20:29:13.574105,""
958,"",,0,bsosa,"","",0,1,2022-11-07 20:29:13.607118,""
959,"",,0,jenniferrandolph,"","",0,1,2022-11-07 20:29:13.641017,""
960,"",,0,elliotttony,"","",0,1,2022-11-07 20:29:13.674017,""
961,"",,0,dawnsnyder,"","",0,1,2022-11-07 20:29:13.706110,""
962,"",,0,camachocindy,"","",0,1,2022-11-07 20:29:13.740019,""
963,"",,0,thomaselliott,"","",0,1,2022-11-07 20:29:13.776019,""
964,"",,0,nscott,"","",0,1,2022-11-07 20:29:13.814548,""
965,"",,0,yboyle,"","",0,1,2022-11-07 20:29:13.847057,""
966,"",,0,twalters,"","",0,1,2022-11-07 20:29:13.880061,""
967,"",,0,wardheather,"","",0,1,2022-11-07 20:29:13.911140,""
968,"",,0,hartnicole,"","",0,1,2022-11-07 20:29:13.945139,""
969,"",,0,mschultz,"","",0,1,2022-11-07 20:29:13.980057,""
970,"",,0,irodriguez,"","",0,1,2022-11-07 20:29:14.012228,""
971,"",,0,chrisroberson,"","",0,1,2022-11-07 20:29:14.046570,""
972,"",,0,grantclaire,"","",0,1,2022-11-07 20:29:14.079413,""
973,"",,0,vrussell,"","",0,1,2022-11-07 20:29:14.114500,""
974,"",,0,bzamora,"","",0,1,2022-11-07 20:29:14.150510,""
975,"",,0,lisarios,"","",0,1,2022-11-07 20:29:14.181510,""
976,"",,0,vchan,"","",0,1,2022-11-07 20:29:14.215503,""
977,"",,0,markparker,"","",0,1,2022-11-07 20:29:14.248519,""
978,"",,0,kevin06,"","",0,1,2022-11-07 20:29:14.282517,""
979,"",,0,danielmorrison,"","",0,1,2022-11-07 20:29:14.316501,""
980,"",,0,alex37,"","",0,1,2022-11-07 20:29:14.348411,""
981,"",,0,robinpace,"","",0,1,2022-11-07 20:29:14.379891,""
982,"",,0,lpalmer,"","",0,1,2022-11-07 20:29:14.413199,""
983,"",,0,awilliams,"","",0,1,2022-11-07 20:29:14.448117,""
984,"",,0,michelemendez,"","",0,1,2022-11-07 20:29:14.480961,""
985,"",,0,sherrigreer,"","",0,1,2022-11-07 20:29:14.512957,""
986,"",,0,ehenderson,"","",0,1,2022-11-07 20:29:14.547327,""
987,"",,0,leonardjay,"","",0,1,2022-11-07 20:29:14.579332,""
988,"",,0,adennis,"","",0,1,2022-11-07 20:29:14.613411,""
989,"",,0,joshua21,"","",0,1,2022-11-07 20:29:14.648411,""
990,"",,0,frazierrhonda,"","",0,1,2022-11-07 20:29:14.682414,""
991,"",,0,maureenbell,"","",0,1,2022-11-07 20:29:14.716410,""
992,"",,0,murphyhenry,"","",0,1,2022-11-07 20:29:14.752328,""
993,"",,0,gboone,"","",0,1,2022-11-07 20:29:14.786428,""
994,"",,0,user1,"","",0,1,2022-11-07 20:29:14.786428,""
995,"",,0,user2,"","",0,1,2022-11-07 20:29:14.786428,""
996,"",,0,user3,"","",0,1,2022-11-07 20:29:14.786428,""
997,"",,0,user4,"","",0,1,2022-11-07 20:29:14.786428,""
998,"",,0,user5,"","",0,1,2022-11-07 20:29:14.786428,""
999,"",,0,user6,"","",0,1,2022-11-07 20:29:14.786428,""
1000,"",,0,user7,"","",0,1,2022-11-07 20:29:14.786428,""
